,info
626,24kGoldn-Mood (feat. iann dior)-2020
672,24kGoldn-Mood (feat. iann dior)-2021
31,3OH!3-My First Kiss - feat. Ke$ha-2010
229,5 Seconds of Summer-She Looks So Perfect-2014
249,A Great Big World-Say Something-2014
37,Adam Lambert-If I Had You-2010
21,Adam Lambert-Whataya Want from Me-2010
398,Adele-All I Ask-2016
473,Adele-All I Ask-2017
295,Adele-Hello-2015
442,Adele-Million Years Ago-2016
55,Adele-Rolling in the Deep-2011
417,Adele-Send My Love (To Your New Lover)-2016
112,Adele-Set Fire to the Rain-2012
52,Adele-Someone Like You-2011
504,Adele-Water Under the Bridge-2017
420,Adele-When We Were Young-2016
479,Alan Walker-Tired-2017
315,Alessia Cara-Here-2015
404,Alessia Cara-Here-2016
476,"Alessia Cara-How Far I'll Go - From ""Moana""-2017"
375,Alessia Cara-Scars To Your Beautiful-2016
340,Alesso-Heroes (we could be)-2015
41,Alicia Keys-Doesn't Mean Anything-2010
8,Alicia Keys-Empire State of Mind (Part II) Broken Down-2010
187,Alicia Keys-Girl On Fire (feat. Nicki Minaj) - Inferno Version-2013
265,Alicia Keys-It's On Again - Main Soundtrack-2014
34,Alicia Keys-Try Sleeping with a Broken Heart-2010
351,Alicia Keys-We Are Here-2015
546,Ansel Elgort-Supernova-2018
700,Ariana Grande-34+35-2021
291,Ariana Grande-Break Free-2015
381,Ariana Grande-Dangerous Woman-2016
323,Ariana Grande-Focus-2015
368,Ariana Grande-Into You-2016
287,Ariana Grande-Love Me Harder-2015
221,Ariana Grande-Problem-2014
451,Ariana Grande-Side To Side-2017
649,Ariana Grande-Stuck with U (with Justin Bieber)-2020
171,Ariana Grande-The Way-2013
513,Ariana Grande-no tears left to cry-2018
683,Ariana Grande-positions-2021
614,Arizona Zervas-ROXANNE-2020
238,Austin Mahone-Mmm Yeah (feat. Pitbull)-2014
193,Austin Mahone-What About Love-2013
327,Avicii-Broken Arrows-2015
217,Avicii-Hey Brother-2014
140,Avicii-Wake Me Up-2013
181,Avril Lavigne-Rock N Roll-2013
61,Avril Lavigne-What the Hell-2011
636,BENEE-Supalonely (feat. Gus Dapperton)-2020
668,BTS-Butter-2021
635,BTS-Dynamite-2020
674,BTS-Dynamite-2021
664,Bad Bunny-DÁKITI-2021
688,Bad Bunny-LA NOCHE DE ANOCHE-2021
646,Bad Bunny-Safaera-2020
675,Bad Bunny-Yonaguni-2021
222,Bastille-Pompeii-2014
566,Bebe Rexha-Ferrari-2018
414,Bebe Rexha-I Got You-2016
87,Beyoncé-1+1-2011
297,Beyoncé-43776-2015
65,Beyoncé-Best Thing I Never Had-2011
256,Beyoncé-Drunk in Love-2014
58,Beyoncé-Love On Top-2011
241,Beyoncé-Partition-2014
56,Beyoncé-Run the World (Girls)-2011
253,Beyoncé-XO-2014
629,Billie Eilish-bad guy-2020
627,Billie Eilish-everything i wanted-2020
647,Billie Eilish-lovely (with Khalid)-2020
426,Birdy-Keeping Your Head Up-2016
255,Birdy-Not About Angels-2014
260,Birdy-Tee Shirt - Soundtrack Version-2014
246,Birdy-Wings-2014
261,Birdy-Words as Weapons-2014
644,Black Eyed Peas-RITMO (Bad Boys For Life)-2020
30,Britney Spears-3-2010
438,Britney Spears-Do You Wanna Come Over?-2016
88,Britney Spears-Hold It Against Me-2011
79,Britney Spears-I Wanna Go-2011
434,Britney Spears-Invitation-2016
425,Britney Spears-Make Me... (feat. G-Eazy)-2016
202,"Britney Spears-Ooh La La (from ""The Smurfs 2"")-2013"
78,Britney Spears-Till the World Ends-2011
163,Britney Spears-Work Bitch-2013
481,Bruno Mars-24K Magic-2017
527,Bruno Mars-Finesse - Remix; feat. Cardi B-2018
232,Bruno Mars-Gorilla-2014
59,Bruno Mars-Grenade-2011
137,Bruno Mars-It Will Rain-2012
4,Bruno Mars-Just the Way You Are-2010
54,Bruno Mars-Just the Way You Are-2011
669,Bruno Mars-Leave The Door Open-2021
105,Bruno Mars-Locked Out of Heaven-2012
11,Bruno Mars-Marry You-2010
64,Bruno Mars-Marry You-2011
447,Bruno Mars-That's What I Like-2017
219,Bruno Mars-Treasure-2014
234,Bruno Mars-Young Girls-2014
384,BØRNS-Electric Love-2016
472,CNCO-Reggaetón Lento (Remix)-2017
289,Calvin Harris-Blame-2015
589,Calvin Harris-Giant (with Rag'n'Bone Man)-2019
285,Calvin Harris-How Deep Is Your Love-2015
458,Calvin Harris-My Way-2017
508,Calvin Harris-One Kiss (with Dua Lipa)-2018
467,Calvin Harris-Slide (feat. Frank Ocean & Migos)-2017
212,Calvin Harris-Summer-2014
161,Calvin Harris-Sweet Nothing (feat. Florence Welch)-2013
369,Calvin Harris-This Is What You Came For-2016
156,Calvin Harris-Under Control-2013
465,Camila Cabello-Crying in the Club-2017
509,Camila Cabello-Havana (feat. Young Thug)-2018
565,Camila Cabello-Never Be the Same - Radio Edit-2018
477,Cardi B-Bodak Yellow-2017
570,Cardi B-Drip (feat. Migos)-2018
510,Cardi B-I Like It-2018
630,Cardi B-WAP (feat. Megan Thee Stallion)-2020
110,Carly Rae Jepsen-Call Me Maybe-2012
483,Carly Rae Jepsen-Cut To The Feeling-2017
433,Carly Rae Jepsen-Higher-2016
320,Carly Rae Jepsen-I Really Like You-2015
415,Carly Rae Jepsen-Run Away With Me-2016
496,Cashmere Cat-Love Incredible (feat. Camila Cabello)-2017
563,Cashmere Cat-Miss You (with Major Lazer & Tory Lanez)-2018
258,Charli XCX-Boom Clap - From the Motion Picture Das Schicksal ist ein mieser Verräter-2014
518,Charlie Puth-Attention-2018
435,Charlie Puth-One Call Away (feat. Tyga) - Remix-2016
495,Charlie Puth-We Don't Talk Anymore - DROELOE Remix-2017
594,Chris Brown-No Guidance (feat. Drake)-2019
130,Chris Brown-Turn Up the Music-2012
73,Chris Brown-Yeah 3x-2011
36,Christina Aguilera-Bound To You - Burlesque Original Motion Picture Soundtrack-2010
424,Christina Aguilera-Change-2016
300,Christina Aguilera-Genie In a Bottle-2015
45,Christina Aguilera-Not Myself Tonight-2010
40,Christina Aguilera-Something's Got A Hold On Me - Burlesque Original Motion Picture Soundtrack-2010
44,Christina Aguilera-You Lost Me-2010
51,Christina Perri-A Thousand Years-2011
94,Christina Perri-Jar of Hearts-2011
233,Christina Perri-human-2014
204,Ciara-Overdose-2013
294,Clean Bandit-Rather Be (feat. Jess Glynne)-2015
456,Clean Bandit-Rockabye (feat. Sean Paul & Anne-Marie)-2017
507,Coldplay-A L I E N S-2017
250,Coldplay-A Sky Full of Stars-2014
192,Coldplay-Atlas - From The Hunger Games: Catching Fire Soundtrack-2013
106,Coldplay-Paradise-2012
459,"DJ Khaled-I'm the One (feat. Justin Bieber, Quavo, Chance the Rapper & Lil Wayne)-2017"
600,"DJ Khaled-No Brainer (feat. Justin Bieber, Chance the Rapper & Quavo)-2019"
532,DJ Khaled-Wild Thoughts (feat. Rihanna & Bryson Tiller)-2018
448,DJ Snake-Let Me Love You-2017
596,"DJ Snake-Taki Taki (feat. Selena Gomez, Ozuna & Cardi B)-2019"
430,DNCE-Blown-2016
491,DNCE-Body Moves-2017
365,DNCE-Cake By The Ocean-2016
506,DNCE-Kissing Strangers - Remix-2017
488,DNCE-Kissing Strangers-2017
557,DNCE-Kissing Strangers-2018
393,DNCE-Toothbrush-2016
608,DaBaby-ROCKSTAR (feat. Roddy Ricch)-2020
597,Daddy Yankee-Con Calma - Remix-2019
147,Daft Punk-Get Lucky (feat. Pharrell Williams & Nile Rodgers) - Radio Edit-2013
162,Daft Punk-Lose Yourself to Dance-2013
536,Dan + Shay-Tequila-2018
558,David Guetta-2U (feat. Justin Bieber)-2018
344,David Guetta-Bang My Head (feat. Sia & Fetty Wap)-2015
299,"David Guetta-Hey Mama (feat. Nicki Minaj, Bebe Rexha & Afrojack)-2015"
175,David Guetta-Play Hard (feat. Ne-Yo & Akon) - New Edit-2013
35,David Guetta-Sexy Bitch (feat. Akon)-2010
248,David Guetta-Shot Me Down (feat. Skylar Grey) - Radio Edit-2014
104,David Guetta-Titanium (feat. Sia)-2012
74,David Guetta-Without You (feat. Usher)-2011
353,David Guetta-Yesterday (feat. Bebe Rexha)-2015
410,Demi Lovato-Body Say-2016
385,Demi Lovato-Confident-2016
151,Demi Lovato-Heart Attack-2013
245,"Demi Lovato-Let It Go - From ""Frozen / Single Version-2014"
185,Demi Lovato-Made In The USA-2013
304,Demi Lovato-Really Don't Care-2015
523,Demi Lovato-Sorry Not Sorry-2018
571,Demi Lovato-Tell Me You Love Me - NOTD Remix-2018
225,Disclosure-Latch-2014
659,Doja Cat-Kiss Me More (feat. SZA)-2021
692,Doja Cat-Need to Know-2021
620,Doja Cat-Say So-2020
689,Doja Cat-Streets-2021
695,Doja Cat-Woman-2021
158,"Drake-Hold On, We're Going Home-2013"
386,Drake-Too Good-2016
618,Drake-Toosie Slide-2020
634,Dua Lipa-Break My Heart-2020
607,Dua Lipa-Don't Start Now-2020
693,Dua Lipa-Don't Start Now-2021
514,Dua Lipa-IDGAF-2018
657,Dua Lipa-Levitating (feat. DaBaby)-2021
511,Dua Lipa-New Rules-2018
651,Dua Lipa-Physical-2020
553,Dua Lipa-Want To-2018
696,Duncan Laurence-Arcade-2021
595,Ed Sheeran-Antisocial (with Travis Scott)-2019
666,Ed Sheeran-Bad Habits-2021
584,Ed Sheeran-Beautiful People (feat. Khalid)-2019
345,Ed Sheeran-Bloodstream-2015
599,Ed Sheeran-Cross Me (feat. Chance the Rapper & PnB Rock)-2019
292,Ed Sheeran-Don't-2015
587,Ed Sheeran-I Don't Care (with Justin Bieber)-2019
528,Ed Sheeran-Perfect Duet (Ed Sheeran & Beyoncé)-2018
443,Ed Sheeran-Shape of You-2017
302,Ed Sheeran-Sing-2015
577,Ed Sheeran-South of the Border (feat. Camila Cabello & Cardi B)-2019
268,Ed Sheeran-Thinking out Loud-2015
196,Ellie Goulding-Anything Could Happen-2013
228,Ellie Goulding-Burn-2014
131,Ellie Goulding-Lights - Single Version-2012
277,"Ellie Goulding-Love Me Like You Do - From ""Fifty Shades Of Grey""-2015"
325,Ellie Goulding-On My Mind-2015
186,Emeli Sandé-Clown-2013
423,Emeli Sandé-Hurts-2016
184,Emeli Sandé-Next To Me-2013
632,Eminem-Godzilla (feat. Juice WRLD)-2020
1,Eminem-Love The Way You Lie-2010
559,Eminem-Walk On Water (feat. Beyoncé)-2018
197,Enrique Iglesias-Finally Found You-2013
27,Enrique Iglesias-I Like It-2010
360,Enrique Iglesias-Let Me Be Your Lover-2015
562,Enrique Iglesias-MOVE TO MIAMI-2018
83,Enrique Iglesias-Tonight (I'm Fuckin' You)-2011
14,Far East Movement-Like A G6-2010
682,Farruko-Pepas-2021
178,Fergie-A Little Party Never Killed Nobody (All We Got)-2013
239,Fergie-A Little Party Never Killed Nobody (All We Got)-2014
362,Fergie-L.A.LOVE (la la)-2015
493,Fifth Harmony-Angel-2017
321,Fifth Harmony-BO$$-2015
374,Fifth Harmony-Work from Home (feat. Ty Dolla $ign)-2016
290,Fifth Harmony-Worth It-2015
10,Flo Rida-Club Can't Handle Me (feat. David Guetta)-2010
282,Flo Rida-My House-2015
39,Florence + The Machine-Dog Days Are Over-2010
352,Florence + The Machine-St Jude-2015
422,Florence + The Machine-Wish That You Were Here - From Miss Peregrines Home for Peculiar Children Original Motion Picture-2016
622,Future-Life Is Good (feat. Drake)-2020
530,G-Eazy-Him & I (with Halsey)-2018
379,"G-Eazy-Me, Myself & I-2016"
498,Galantis-Rich Boy-2017
680,Giveon-Heartbreak Anniversary-2021
661,Glass Animals-Heat Waves-2021
347,Gwen Stefani-Baby Don't Lie-2015
428,Gwen Stefani-Make Me Like You-2016
358,Gwen Stefani-Spark The Fire-2015
136,Gym Class Heroes-Stereo Hearts (feat. Adam Levine)-2012
534,Hailee Steinfeld-Capital Letters-2018
521,"Hailee Steinfeld-Let Me Go (with Alesso, Florida Georgia Line & watt)-2018"
382,Hailee Steinfeld-Starving-2016
529,Halsey-Bad At Love-2018
624,Harry Styles-Adore You-2020
543,Harry Styles-Sign of the Times-2018
609,Harry Styles-Watermelon Sugar-2020
676,Harry Styles-Watermelon Sugar-2021
554,Hayley Kiyoko-What I Need (feat. Kehlani)-2018
437,Hilary Duff-Little Lies-2016
355,Hilary Duff-Sparks-2015
60,Hot Chelle Rae-Tonight Tonight-2011
273,Hozier-Take Me To Church-2015
174,Icona Pop-I Love It (feat. Charli XCX)-2013
230,Iggy Azalea-Fancy-2014
694,Internet Money-Lemonade (feat. Gunna Don Toliver & NAV)-2021
550,J Balvin-Mi Gente (feat. Beyoncé)-2018
698,J Balvin-Qué Más Pues?-2021
650,JP Saxe-If the World Was Ending - feat. Julia Michaels-2020
149,James Arthur-Impossible-2013
439,Janet Jackson-BURNITUP!-2016
231,Jason Derulo-Talk Dirty (feat. 2 Chainz)-2014
309,Jason Derulo-Trumpets-2015
281,Jason Derulo-Want to Want Me-2015
235,Jason Derulo-Wiggle (feat. Snoop Dogg)-2014
623,Jawsh 685-Savage Love (Laxed - Siren Beat)-2020
361,Jennifer Hudson-Dangerous-2015
391,Jennifer Lopez-Ain't Your Mama-2016
328,Jennifer Lopez-Booty-2015
129,Jennifer Lopez-Dance Again-2012
341,"Jennifer Lopez-Feel The Light - From The ""Home"" Soundtrack-2015"
266,Jennifer Lopez-I Luh Ya Papi-2014
89,Jennifer Lopez-I'm Into You-2011
99,Jennifer Lopez-Invading My Mind-2011
190,Jennifer Lopez-Live It Up-2013
71,Jennifer Lopez-On The Floor-2011
90,Jennifer Lopez-Papi-2011
348,Jess Glynne-Don't Be so Hard on Yourself-2015
333,Jessie J-Bang Bang-2015
125,Jessie J-Domino-2012
68,Jessie J-Price Tag-2011
207,Jewel-Foolish Games-2013
699,Joel Corry-Head & Heart (feat. MNEK)-2021
440,Joey Montana-Picky - Remix-2016
210,John Legend-All of Me-2014
431,John Legend-Start-2016
224,John Newman-Love Me Again-2014
466,Jonas Blue-Mama-2017
583,Jonas Brothers-Only Human-2019
198,Jonas Brothers-Pom Poms-2013
585,Jonas Brothers-Sucker-2019
648,Juice WRLD-Lucid Dreams-2020
5,Justin Bieber-Baby-2010
120,Justin Bieber-Beauty And A Beat-2012
337,Justin Bieber-Been You-2015
123,Justin Bieber-Boyfriend-2012
301,Justin Bieber-Company-2015
396,Justin Bieber-Company-2016
531,Justin Bieber-Friends (with BloodPop®)-2018
182,Justin Bieber-Heartbreaker-2013
314,Justin Bieber-I'll Show You-2015
617,Justin Bieber-Intentions (feat. Quavo)-2020
271,Justin Bieber-Love Yourself-2015
364,Justin Bieber-Love Yourself-2016
330,Justin Bieber-Mark My Words-2015
658,Justin Bieber-Peaches (feat. Daniel Caesar & Giveon)-2021
275,Justin Bieber-Sorry-2015
319,Justin Bieber-The Feeling-2015
329,Justin Bieber-What Do You Mean? - Acoustic-2015
279,Justin Bieber-What Do You Mean?-2015
633,Justin Bieber-Yummy-2020
373,"Justin Timberlake-CAN'T STOP THE FEELING! (Original Song from DreamWorks Animation's ""TROLLS"")-2016"
564,Justin Timberlake-Filthy-2018
183,Justin Timberlake-Mirrors - Radio Edit-2013
267,Justin Timberlake-Not a Bad Thing-2014
541,Justin Timberlake-Say Something-2018
172,Justin Timberlake-Suit & Tie-2013
567,Justin Timberlake-Supplies-2018
188,Justin Timberlake-TKO-2013
194,Justin Timberlake-Take Back the Night-2013
613,KAROL G-Tusa-2020
678,Kali Uchis-telepatía-2021
63,Kanye West-Monster-2011
242,Katy Perry-Birthday-2014
485,Katy Perry-Bon appétit-2017
29,Katy Perry-California Gurls-2010
469,Katy Perry-Chained To The Rhythm-2017
216,Katy Perry-Dark Horse-2014
77,Katy Perry-E.T.-2011
102,Katy Perry-Firework-2011
101,Katy Perry-Last Friday Night (T.G.I.F.)-2011
357,Katy Perry-Legendary Lovers-2015
124,Katy Perry-Part Of Me-2012
408,Katy Perry-Rise-2016
144,Katy Perry-Roar-2013
468,Katy Perry-Swish Swish-2017
28,Katy Perry-Teenage Dream-2010
128,Katy Perry-The One That Got Away-2012
237,Katy Perry-This Is How We Do-2014
127,Katy Perry-Wide Awake-2012
307,Kelly Clarkson-Heartbeat Song-2015
203,Kelly Clarkson-People Like Us-2013
359,Kelly Clarkson-Run Run Run-2015
114,Kelly Clarkson-Stronger (What Doesn't Kill You)-2012
139,Kelly Clarkson-Underneath the Tree-2013
209,Kelly Rowland-Freak-2013
32,Kesha-Blah Blah Blah (feat. 3OH!3)-2010
80,Kesha-Blow-2011
201,Kesha-Crazy Kids (feat. will.i.am)-2013
153,Kesha-Die Young-2013
460,Kesha-Praying-2017
22,Kesha-Take It Off-2010
2,Kesha-TiK ToK-2010
67,Kesha-We R Who We R-2011
19,Kesha-Your Love Is My Drug-2010
588,Khalid-Talk (feat. Disclosure)-2019
474,Kygo-First Time-2017
548,Kygo-First Time-2018
582,Kygo-Higher Love-2019
453,Kygo-It Ain't Me (with Selena Gomez)-2017
66,LMFAO-Party Rock Anthem-2011
75,LMFAO-Sexy And I Know It-2011
167,Labrinth-Beneath Your Beautiful-2013
18,Lady Gaga-Alejandro-2010
195,Lady Gaga-Applause-2013
3,Lady Gaga-Bad Romance-2010
62,Lady Gaga-Born This Way-2011
243,Lady Gaga-G.U.Y.-2014
82,Lady Gaga-Judas-2011
86,Lady Gaga-Marry The Night-2011
370,Lady Gaga-Million Reasons-2016
405,Lady Gaga-Perfect Illusion-2016
638,Lady Gaga-Rain On Me (with Ariana Grande)-2020
524,Lady Gaga-Shallow - Radio Edit-2018
13,Lady Gaga-Telephone-2010
475,Lady Gaga-The Cure-2017
76,Lady Gaga-The Edge Of Glory-2011
81,Lady Gaga-You And I-2011
471,Lana Del Rey-Love-2017
499,Lana Del Rey-Lust for Life (with The Weeknd)-2017
486,Lana Del Rey-Summer Bummer (feat. A$AP Rocky & Playboi Carti)-2017
155,Lana Del Rey-Summertime Sadness (Lana Del Rey Vs. Cedric Gervais) - Cedric Gervais Remix-2013
264,Lea Michele-Cannonball-2014
619,Lewis Capaldi-Before You Go-2020
574,Lewis Capaldi-Someone You Loved-2019
612,Lewis Capaldi-Someone You Loved-2020
684,Lewis Capaldi-Someone You Loved-2021
544,Liam Payne-Familiar-2018
552,Liam Payne-For You (With Rita Ora)-2018
482,Liam Payne-Strip That Down (feat. Quavo)-2017
616,Lil Mosey-Blueberry Faygo-2020
665,Lil Nas X-INDUSTRY BABY (feat. Jack Harlow)-2021
654,Lil Nas X-MONTERO (Call Me By Your Name)-2021
338,Lilly Wood and The Prick-Prayer in C - Robin Schulz Radio Edit-2015
263,Lily Allen-Sheezus-2014
200,Little Mix-How Ya Doin'? (feat. Missy Elliott)-2013
326,Little Mix-Love Me Like You-2015
179,Little Mix-Move-2013
383,Little Mix-Shout Out to My Ex-2016
494,Little Mix-Touch (feat. Kid Ink)-2017
581,Lizzo-Good as Hell (feat. Ariana Grande) - Remix-2019
580,Lizzo-Truth Hurts-2019
223,Lorde-Team-2014
691,Los Legendarios-Fiel-2021
492,Lost Frequencies-Reality (feat. Janieck Devy) - Radio Edit-2017
334,Lost Frequencies-Reality - Radio Edit-2015
461,Luis Fonsi-Despacito - Remix-2017
372,Lukas Graham-7 Years-2016
214,MAGIC!-Rude-2014
586,Mabel-Don't Call Me Up-2019
165,Macklemore & Ryan Lewis-Can't Hold Us (feat. Ray Dalton)-2013
305,"Macklemore & Ryan Lewis-Downtown (feat. Melle Mel, Grandmaster Caz, Kool Moe Dee & Eric Nally)-2015"
169,Macklemore & Ryan Lewis-Thrift Shop (feat. Wanz)-2013
343,Madonna-Ghosttown-2015
346,Madonna-Living For Love-2015
388,Major Lazer-Cold Water (feat. Justin Bieber & MØ)-2016
390,Major Lazer-Light It Up (feat. Nyla & Fuse ODG) [Remix]-2016
641,Maluma-Hawái-2020
199,Mariah Carey-#Beautiful-2013
262,Mariah Carey-You're Mine (Eternal)-2014
598,Mark Ronson-Find U Again (feat. Camila Cabello)-2019
601,Mark Ronson-Nothing Breaks Like a Heart (feat. Miley Cyrus)-2019
272,Mark Ronson-Uptown Funk-2015
288,Maroon 5-Animals-2015
470,Maroon 5-Cold (feat. Future)-2017
176,Maroon 5-Daylight-2013
592,Maroon 5-Girls Like You (feat. Cardi B)-2019
177,Maroon 5-Love Somebody-2013
218,Maroon 5-Maps-2014
572,Maroon 5-Memories-2019
621,Maroon 5-Memories-2020
23,Maroon 5-Misery-2010
57,Maroon 5-Moves Like Jagger - Studio Recording From The Voice Performance-2011
117,Maroon 5-One More Night-2012
107,Maroon 5-Payphone-2012
322,Maroon 5-Sugar-2015
274,Maroon 5-Sugar-2015
555,Maroon 5-Wait-2018
526,Maroon 5-What Lovers Do (feat. SZA)-2018
579,Marshmello-Happier-2019
522,Marshmello-Silence-2018
367,Martin Garrix-In the Name of Love-2016
463,Martin Garrix-There for You-2017
50,Martin Solveig-Hello-2010
663,Masked Wolf-Astronaut In The Ocean-2021
324,Meghan Trainor-All About That Bass-2015
296,Meghan Trainor-Dear Future Husband-2015
376,Meghan Trainor-Like I'm Gonna Lose You (feat. John Legend)-2016
313,Meghan Trainor-Lips Are Movin-2015
389,Meghan Trainor-Me Too-2016
400,Meghan Trainor-NO-2016
227,Michael Jackson-Love Never Felt So Good-2014
12,Mike Posner-Cooler Than Me - Single Mix-2010
380,Mike Posner-I Took A Pill In Ibiza - Seeb Remix-2016
84,Mike Posner-Please Don't Go-2011
226,Miley Cyrus-Adore You-2014
454,Miley Cyrus-Malibu-2017
145,Miley Cyrus-We Can't Stop-2013
148,Miley Cyrus-Wrecking Ball-2013
490,Miley Cyrus-Younger Now-2017
432,Missy Elliott-Pep Rally-2016
418,Missy Elliott-WTF (Where They From)-2016
283,Mr. Probz-Waves - Robin Schulz Radio Edit-2015
685,Myke Towers-Bandido-2021
395,MØ-Final Song-2016
662,Måneskin-Beggin'-2021
686,Måneskin-I WANNA BE YOUR SLAVE-2021
551,N.E.R.D-Lemon-2018
310,Naughty Boy-Runnin' (Lose It All)-2015
403,Naughty Boy-Runnin' (Lose It All)-2016
168,Ne-Yo-Let Me Love You (Until You Learn To Love Yourself)-2013
441,Nelly Furtado-Behind Your Back-2016
25,Neon Trees-Animal-2010
157,Neon Trees-Everybody Talks-2013
489,Niall Horan-Slow Hands-2017
560,Niall Horan-This Town-2018
429,Nick Jonas-Champagne Problems-2016
392,Nick Jonas-Close-2016
303,Nick Jonas-Jealous - Remix-2015
502,Nick Jonas-Remember I Told You-2017
257,Nicki Minaj-Anaconda-2014
542,Nicki Minaj-Chun-Li-2018
100,Nicki Minaj-Moment 4 Life - Album Version (Edited)-2011
103,Nicki Minaj-Muny - Album Version (Edited)-2011
116,Nicki Minaj-Starships-2012
97,Nicki Minaj-Super Bass-2011
670,Olivia Rodrigo-deja vu-2021
653,Olivia Rodrigo-drivers license-2021
656,Olivia Rodrigo-good 4 u-2021
681,Olivia Rodrigo-traitor-2021
308,Olly Murs-Up-2015
159,One Direction-Best Song Ever-2013
160,One Direction-Kiss You-2013
284,One Direction-Night Changes-2015
342,One Direction-Perfect-2015
349,One Direction-Steal My Girl-2015
141,One Direction-Story of My Life-2013
108,One Direction-What Makes You Beautiful-2012
24,OneRepublic-All The Right Moves-2010
69,OneRepublic-Good Life-2011
316,OneRepublic-I Lived-2015
170,OneRepublic-If I Lose Myself - Alesso vs OneRepublic-2013
236,OneRepublic-Love Runs Out-2014
497,OneRepublic-No Vacancy (with Sebastián Yatra)-2017
478,OneRepublic-Rich Love (with Seeb)-2017
7,OneRepublic-Secrets-2010
409,OneRepublic-Wherever I Go-2016
118,Owl City-Good Time-2012
138,P!nk-Blow Me (One Last Kiss)-2012
142,P!nk-Just Give Me a Reason (feat. Nate Ruess)-2013
399,"P!nk-Just Like Fire (From the Original Motion Picture ""Alice Through The Looking Glass"")-2016"
98,P!nk-Raise Your Glass-2011
115,P!nk-Try-2012
556,P!nk-What About Us-2018
306,Paloma Faith-Only Love Can Hurt Like This-2015
436,Passenger-Beautiful Birds (feat. Birdy)-2016
220,Passenger-Let Her Go-2014
251,Pharrell Williams-Come Get It Bae-2014
213,"Pharrell Williams-Happy - From ""Despicable Me 2""-2014"
350,"Pitbull-Celebrate (From the Original Motion Picture ""Penguins of Madagascar"")-2015"
134,Pitbull-Don't Stop the Party (feat. TJR)-2012
166,Pitbull-Feel This Moment (feat. Christina Aguilera)-2013
317,Pitbull-Fireball (feat. John Ryan)-2015
53,Pitbull-Give Me Everything-2011
500,Pitbull-Greenlight (feat. Flo Rida & LunchMoney Lewis)-2017
121,Pitbull-International Love-2012
503,Pitbull-Messin' Around-2017
208,Pitbull-Outta Nowhere (feat. Danny Mercer)-2013
354,Pitbull-Time of Our Lives-2015
254,Pitbull-We Are One (Ole Ola) [The Official 2014 FIFA World Cup Song]-2014
687,Polo G-RAPSTAR-2021
615,Post Malone-Circles-2020
640,Post Malone-Sunflower - Spider-Man: Into the Spider-Verse-2020
610,Powfu-death bed (coffee for your head)-2020
591,R3HAB-All Around The World (La La La)-2019
671,Rauw Alejandro-Todo De Ti-2021
568,RedOne-Boom Boom-2018
642,Regard-Ride It-2020
356,Ricky Martin-Mr. Put It Down-2015
332,Rihanna-American Oxygen-2015
91,Rihanna-Cheers (Drink To That)-2011
133,Rihanna-Diamonds-2012
276,Rihanna-FourFiveSeconds-2015
42,Rihanna-Hard-2010
520,Rihanna-Love On The Brain-2018
371,Rihanna-Needed Me-2016
9,Rihanna-Only Girl (In The World)-2010
205,Rihanna-Right Now - Dyro Radio Edit-2013
92,Rihanna-S&M Remix-2011
85,Rihanna-We Found Love-2011
72,Rihanna-What's My Name?-2011
126,Rihanna-Where Have You Been-2012
377,Rihanna-Work-2016
135,Rihanna-You Da One-2012
540,Rita Ora-Anywhere-2018
561,"Rita Ora-Girls (feat. Cardi B, Bebe Rexha & Charli XCX)-2018"
677,Riton-Friday (feat. Mufasa & Hypeman) - Dopamine Re-Edit-2021
484,Robin Schulz-OK - Spotify Version-2017
336,Robin Schulz-Sugar (feat. Francesco Yates)-2015
150,Robin Thicke-Blurred Lines-2013
206,Robin Thicke-Give It 2 U-2013
605,Roddy Ricch-The Box-2020
331,Rudimental-Lay It All on Me-2015
525,Rudimental-These Days-2018
606,SAINt JHN-Roses - Imanbek Remix-2020
578,SHAED-Trampoline (with ZAYN)-2019
697,SZA-Good Days-2021
576,Sam Smith-How Do You Sleep?-2019
269,Sam Smith-I'm Not The Only One-2015
211,Sam Smith-Stay With Me-2014
164,Sara Bareilles-Brave-2013
16,Sean Kingston-Eenie Meenie-2010
702,Sebastian Yatra-Pareja Del Año-2021
111,Selena Gomez & The Scene-Love You Like A Love Song-2012
26,Selena Gomez & The Scene-Naturally-2010
539,Selena Gomez-Bad Liar-2018
189,Selena Gomez-Come & Get It-2013
397,Selena Gomez-Hands To Myself-2016
401,Selena Gomez-Kill Em With Kindness-2016
573,Selena Gomez-Lose You To Love Me-2019
311,Selena Gomez-Same Old Love-2015
298,Selena Gomez-The Heart Wants What It Wants-2015
516,Selena Gomez-Wolves-2018
247,Shakira-Can't Remember to Forget You (feat. Rihanna)-2014
259,Shakira-La La La (Brasil 2014) (feat. Carlinhos Brown)-2014
43,Shakira-Loca-2010
411,Shawn Mendes-Don't Be A Fool-2016
421,Shawn Mendes-I Know What You Did Last Summer-2016
515,Shawn Mendes-In My Blood-2018
450,Shawn Mendes-Mercy-2017
547,Shawn Mendes-Nervous-2018
575,Shawn Mendes-Señorita-2019
628,Shawn Mendes-Señorita-2020
280,Shawn Mendes-Stitches-2015
378,Shawn Mendes-Stitches-2016
512,Shawn Mendes-There's Nothing Holdin' Me Back-2018
446,Shawn Mendes-Treat You Better-2017
538,Shawn Mendes-Youth (feat. Khalid)-2018
335,Sia-Alive-2015
252,Sia-Chandelier-2014
413,Sia-Cheap Thrills-2016
293,Sia-Elastic Heart-2015
505,Sia-Free Me-2017
462,Sia-The Greatest-2017
480,Sigala-Came Here for Love-2017
318,Sigala-Easy Love-2015
519,Silk City-Electricity (with Dua Lipa)-2018
96,Sleeping At Last-Turning Page-2011
416,Snakehips-Cruel (feat. ZAYN)-2016
637,Surf Mesa-ily (i love you baby) (feat. Emilee)-2020
631,Surfaces-Sunday Best-2020
146,Swedish House Mafia-Don't You Worry Child - Radio Edit-2013
48,T.I.-Castle Walls (feat. Christina Aguilera)-2010
95,T.I.-Castle Walls (feat. Christina Aguilera)-2011
645,THE SCOTTS-THE SCOTTS-2020
49,Taio Cruz-Break Your Heart-2010
6,Taio Cruz-Dynamite-2010
701,Tate McRae-you broke me first-2021
569,Taylor Swift-...Ready For It? - BloodPop® Remix-2018
549,Taylor Swift-End Game-2018
109,Taylor Swift-I Knew You Were Trouble.-2012
537,Taylor Swift-Look What You Made Me Do-2018
407,Taylor Swift-Out Of The Woods-2016
215,Taylor Swift-Shake It Off-2014
113,Taylor Swift-We Are Never Ever Getting Back Together-2012
152,Taylor Swift-We Are Never Ever Getting Back Together-2013
33,The Black Eyed Peas-Imma Be-2010
70,The Black Eyed Peas-Just Cant Get Enough-2011
20,The Black Eyed Peas-Meet Me Halfway-2010
38,The Black Eyed Peas-Rock That Body-2010
17,The Black Eyed Peas-The Time (Dirty Bit)-2010
240,The Chainsmokers-#SELFIE-2014
394,The Chainsmokers-All We Know-2016
593,The Chainsmokers-Call You Mine-2019
444,The Chainsmokers-Closer-2017
366,The Chainsmokers-Don't Let Me Down-2016
602,The Chainsmokers-Kills You Slowly-2019
464,The Chainsmokers-Paris-2017
387,The Chainsmokers-Roses-2016
535,The Chainsmokers-Sick Boy-2018
455,The Chainsmokers-Something Just Like This-2017
590,The Chainsmokers-Takeaway-2019
655,The Kid LAROI-STAY (with Justin Bieber)-2021
679,The Kid LAROI-WITHOUT YOU-2021
690,The Neighbourhood-Sweater Weather-2021
143,The Script-Hall of Fame-2013
119,The Wanted-Glad You Came-2012
180,The Wanted-Walks Like Rihanna-2013
191,The Wanted-We Own The Night-2013
603,The Weeknd-Blinding Lights-2020
660,The Weeknd-Blinding Lights-2021
278,"The Weeknd-Earned It (Fifty Shades Of Grey) - From The ""Fifty Shades Of Grey"" Soundtrack-2015"
449,The Weeknd-I Feel It Coming-2017
667,The Weeknd-Save Your Tears-2021
445,The Weeknd-Starboy-2017
270,The Weeknd-The Hills-2015
363,The Weeknd-The Hills-2016
46,Tinie Tempah-Written in the Stars (feat. Eric Turner)-2010
93,Tinie Tempah-Written in the Stars (feat. Eric Turner)-2011
673,Tiësto-The Business-2021
604,Tones And I-Dance Monkey-2020
625,Topic-Breaking Me-2020
402,Tove Lo-Cool Girl-2016
501,Tove Lo-Influence-2017
0,"Train-Hey, Soul Sister-2010"
639,Travis Scott-HIGHEST IN THE ROOM-2020
652,Travis Scott-SICKO MODE-2020
643,Travis Scott-goosebumps-2020
611,Trevor Daniel-Falling-2020
533,Troye Sivan-My My My!-2018
47,Usher-DJ Got Us Fallin' In Love (feat. Pitbull)-2010
15,Usher-OMG (feat. will.i.am)-2010
339,Wiz Khalifa-See You Again (feat. Charlie Puth)-2015
419,Years & Years-Desire-2016
517,ZAYN-Dusk Till Dawn - Radio Edit-2018
457,ZAYN-I Dont Wanna Live Forever (Fifty Shades Darker)-2017
412,ZAYN-LIKE I WOULD-2016
545,ZAYN-Let Me-2018
406,ZAYN-PILLOWTALK-2016
286,Zara Larsson-Never Forget You-2015
154,Zedd-Clarity-2013
487,Zedd-Get Low (with Liam Payne)-2017
312,Zedd-I Want You To Know-2015
244,Zedd-Stay The Night - Featuring Hayley Williams Of Paramore-2014
452,Zedd-Stay-2017
427,Zedd-True Colors-2016
122,fun.-Some Nights-2012
132,fun.-We Are Young (feat. Janelle Monáe)-2012
173,will.i.am-#thatPOWER-2013
